<application>
  <component name="JupyterPersistentConnectionParameters">
    <option name="moduleParameters">
      <map>
        <entry key="$USER_HOME$/Documents/dev/artizans/artizans_backend/.idea/artizans_backend.iml">
          <value>
            <JupyterConnectionParameters>
              <option name="token" value="ce63f82c726dcf1c46efdb25645bc7d9fa0940bcc6d3c8ff" />
              <option name="urlString" value="http://s1.ndres.me:8889/" />
            </JupyterConnectionParameters>
          </value>
        </entry>
        <entry key="$USER_HOME$/Documents/dev/artizans/background_eraser/.idea/background_eraser.iml">
          <value>
            <JupyterConnectionParameters>
              <option name="token" value="ce63f82c726dcf1c46efdb25645bc7d9fa0940bcc6d3c8ff" />
              <option name="urlString" value="http://s1.ndres.me:8889/" />
            </JupyterConnectionParameters>
          </value>
        </entry>
      </map>
    </option>
  </component>
</application>