<application>
  <component name="WebServers">
    <option name="servers">
      <webServer id="9a394236-d91d-40fd-a9c4-5edb41b222ae" name="s2" url="http://s2.ndres.me">
        <fileTransfer host="s2.ndres.me" port="22" privateKey="$USER_HOME$/.ssh/id_rsa" rootFolder="/root/pretrained.ml" accessType="SFTP" keyPair="true">
          <advancedOptions>
            <advancedOptions dataProtectionLevel="Private" />
          </advancedOptions>
          <option name="port" value="22" />
        </fileTransfer>
      </webServer>
      <webServer id="5624c238-288a-4a9e-a1f3-4e36cd89c703" name="s1" url="http://s2.ndres.me">
        <fileTransfer host="s2.ndres.me" port="22" privateKey="$USER_HOME$/.ssh/id_rsa" rootFolder="/root/stateoftheart" accessType="SFTP" keyPair="true">
          <advancedOptions>
            <advancedOptions dataProtectionLevel="Private" />
          </advancedOptions>
          <option name="port" value="22" />
        </fileTransfer>
      </webServer>
      <webServer id="558db3c4-3d0a-4dd7-8d4e-dc7e3e2b39ad" name="s1-m" url="http://s1.ndres.me">
        <fileTransfer host="s1.ndres.me" port="22" privateKey="$USER_HOME$/.ssh/id_rsa" accessType="SFTP" keyPair="true">
          <advancedOptions>
            <advancedOptions dataProtectionLevel="Private" />
          </advancedOptions>
          <option name="port" value="22" />
        </fileTransfer>
      </webServer>
      <webServer id="257f3e53-8064-4b57-bf5e-10c6050ac340" name="s1-kaggle" url="http://s1.ndres.me">
        <fileTransfer host="s1.ndres.me" port="22" privateKey="$USER_HOME$/.ssh/id_rsa" rootFolder="/home/eliotandres/diabete/kaggle_diabetic" accessType="SFTP" keyPair="true">
          <advancedOptions>
            <advancedOptions dataProtectionLevel="Private" />
          </advancedOptions>
          <option name="port" value="22" />
        </fileTransfer>
      </webServer>
      <webServer id="9f5fdcc6-cdbc-4474-af42-387f8af76b60" name="s1-basnet" url="http://s1.ndres.me">
        <fileTransfer host="s1.ndres.me" port="22" privateKey="$USER_HOME$/.ssh/id_rsa" rootFolder="/home/eliotandres/" accessType="SFTP" keyPair="true">
          <advancedOptions>
            <advancedOptions dataProtectionLevel="Private" />
          </advancedOptions>
          <option name="port" value="22" />
        </fileTransfer>
      </webServer>
      <webServer id="010996d3-5365-411c-b791-632a7921dedf" name="s1-artizans-backend" url="http://s1.ndres.me">
        <fileTransfer host="s1.ndres.me" port="22" privateKey="$USER_HOME$/.ssh/id_rsa" rootFolder="/home/eliotandres" accessType="SFTP" keyPair="true">
          <advancedOptions>
            <advancedOptions dataProtectionLevel="Private" />
          </advancedOptions>
          <option name="port" value="22" />
        </fileTransfer>
      </webServer>
      <webServer id="84089879-3032-4333-a209-31edd4dd6b8e" name="s1-ndres-challenge" url="http://s1.ndres.me">
        <fileTransfer host="s1.ndres.me" port="22" privateKey="$USER_HOME$/.ssh/id_rsa" rootFolder="/home/eliotandres" accessType="SFTP" keyPair="true">
          <advancedOptions>
            <advancedOptions dataProtectionLevel="Private" />
          </advancedOptions>
          <option name="port" value="22" />
        </fileTransfer>
      </webServer>
      <webServer id="33d7ad45-506a-45ca-aeb1-758923f79957" name="s1-sdban" url="http://s1.ndres.me">
        <fileTransfer host="s1.ndres.me" port="22" privateKey="$USER_HOME$/.ssh/id_rsa" rootFolder="/home/eliotandres/" accessType="SFTP" keyPair="true">
          <advancedOptions>
            <advancedOptions dataProtectionLevel="Private" />
          </advancedOptions>
          <option name="port" value="22" />
        </fileTransfer>
      </webServer>
      <webServer id="07b144ae-d50a-46c7-b901-5c6bf03b5082" name="s1-f3net" url="http://s1.ndres.me">
        <fileTransfer host="s1.ndres.me" port="22" privateKey="$USER_HOME$/.ssh/id_rsa" rootFolder="/home/eliotandres/" accessType="SFTP" keyPair="true">
          <advancedOptions>
            <advancedOptions dataProtectionLevel="Private" />
          </advancedOptions>
          <option name="port" value="22" />
        </fileTransfer>
      </webServer>
      <webServer id="5093585c-7cc3-4986-8d4c-b2a3ceb3b464" name="gcloud-5" url="http://34.91.180.82">
        <fileTransfer host="34.91.180.82" port="22" privateKey="$USER_HOME$/.ssh/id_rsa" rootFolder="/home/eliotandres" accessType="SFTP" keyPair="true">
          <advancedOptions>
            <advancedOptions dataProtectionLevel="Private" passiveMode="true" shareSSLContext="true" />
          </advancedOptions>
          <option name="port" value="22" />
        </fileTransfer>
      </webServer>
    </option>
  </component>
</application>