<profile version="1.0">
  <option name="myName" value="Default" />
  <inspection_tool class="Eslint" enabled="true" level="WARNING" enabled_by_default="true" />
  <inspection_tool class="JSConstructorReturnsPrimitive" enabled="false" level="WARNING" enabled_by_default="false" />
  <inspection_tool class="PyPackageRequirementsInspection" enabled="true" level="WARNING" enabled_by_default="true">
    <option name="ignoredPackages">
      <value>
        <list size="14">
          <item index="0" class="java.lang.String" itemvalue="nolearn-master" />
          <item index="1" class="java.lang.String" itemvalue="pandas" />
          <item index="2" class="java.lang.String" itemvalue="scikit-image" />
          <item index="3" class="java.lang.String" itemvalue="scipy" />
          <item index="4" class="java.lang.String" itemvalue="ghalton" />
          <item index="5" class="java.lang.String" itemvalue="scikit-learn" />
          <item index="6" class="java.lang.String" itemvalue="Lasagne-master" />
          <item index="7" class="java.lang.String" itemvalue="matplotlib" />
          <item index="8" class="java.lang.String" itemvalue="SharedArray" />
          <item index="9" class="java.lang.String" itemvalue="numpy" />
          <item index="10" class="java.lang.String" itemvalue="click" />
          <item index="11" class="java.lang.String" itemvalue="Pillow" />
          <item index="12" class="java.lang.String" itemvalue="Theano" />
          <item index="13" class="java.lang.String" itemvalue="Flask" />
        </list>
      </value>
    </option>
  </inspection_tool>
</profile>